Serial_num,ortho,phon,cgram,islem,freqlemfilms2,freqfilms2,freqlemlivres,freqlivres,p_cvcv,cvcv,nbsyll,nblettres,freq_mism,freq,mismatch,freq_sum,freq_cat
27496,commencer,kom@se,VER,1,436.83,92.51,421.89,42.5,CVCVCV,CVCCVCCVC,3,9,H_0,6.901465539979852,0,993.73,H
112309,récemment,Resam@,ADV,1,21.07,21.07,15.07,15.07,CVCVCV,CVCVCCVCC,3,9,H_0,4.280547465724028,0,72.28,H
59704,fabuleux,fabyl2,ADJ,1,15.34,11.1,17.5,9.86,CVCVCV,CVCVCVVC,3,8,H_0,3.9852734671677386,0,53.8,H
82360,limiter,limite,VER,1,11.19,2.62,19.26,4.46,CVCVCV,CVCVCVC,3,7,H_0,3.6251406131469297,0,37.53,H
44044,différent,difeR@,ADJ,1,135.8,65.42,92.03,27.43,CVCVCV,CVCCVCVCC,3,9,H_0,5.770443741174751,0,320.68,H
108893,qualité,kalite,NOM,1,29.13,20.84,59.12,42.7,CVCVCV,CVVCVCV,3,7,H_0,5.022497986638768,0,151.79000000000002,H
87429,mériter,meRite,VER,1,97.06,6.73,54.53,6.42,CVCVCV,CVCVCVC,3,7,H_0,5.1043684735131025,0,164.73999999999998,H
141805,volonté,vol§te,NOM,1,47.08,44.41,74.93,70.54,CVCVCV,CVCVCCV,3,7,H_0,5.467891350519489,0,236.96000000000004,H
125876,signaler,siNale,VER,1,27.92,9.51,27.5,6.62,CVCVCV,CVCCVCVC,3,8,H_0,4.27039650600246,0,71.55000000000001,H
45692,document,dokym@,NOM,1,24.86,9.34,16.01,6.69,CVCVCV,CVCVCVCC,3,8,H_0,4.041295341132285,0,56.900000000000006,H
125063,séparer,sepaRe,VER,1,66.22,20.34,109.8,18.38,CVCVCV,CVCVCVC,3,7,H_0,5.3694279940059895,0,214.74,H
108911,quantité,k@tite,NOM,1,10.3,8.67,18.99,15.27,CVCVCV,CVVCCVCV,3,8,H_0,3.974622147184666,0,53.22999999999999,H
60466,fatigué,fatige,ADJ,1,35.86,18.46,31.62,16.89,CVCVCV,CVCVCVV,3,7,H_0,4.6330771392411,0,102.83,H
42301,désolé,dezole,ADJ,1,276.66,193.51,12.43,6.49,CVCVCV,CVCVCV,3,6,H_0,6.192546521619673,0,489.09000000000003,H
98066,passager,pasaZe,NOM,1,19.41,3.75,13.24,3.24,CVCVCV,CVCCVCVC,3,8,H_0,3.6798387094617873,0,39.64,H
40407,dépasser,depase,VER,1,42.62,6.12,78.78,10.27,CVCVCV,CVCVCCVC,3,8,H_0,4.925730787005811,0,137.79,H
42203,désirer,deziRe,VER,1,65.63,4.28,61.89,9.12,CVCVCV,CVCVCVC,3,7,H_0,4.948192353473037,0,140.92000000000002,H
41077,député,depyte,NOM,1,10.4,7.4,10.88,6.42,CVCVCV,CVCVCV,3,6,H_0,3.55820113047182,0,35.1,H
66962,gentiment,Z@tim@,ADV,1,11.32,11.32,21.76,21.76,CVCVCV,CVCCVCVCC,3,9,H_0,4.192076050715436,0,66.16000000000001,H
43659,dévorer,devoRe,VER,1,19.7,4.08,37.64,7.7,CVCVCV,CVCVCVC,3,7,H_0,4.2358441244958005,0,69.12,H
13951,bâtiment,batim@,NOM,1,27.58,22.73,36.82,19.93,CVCVCV,CVCVCVCC,3,8,H_0,4.673389424965236,0,107.06,H
41380,dérouler,deRule,VER,1,11.37,1.26,39.46,5.88,CVCVCV,CVCVVCVC,3,8,H_0,4.059925635351641,0,57.970000000000006,H
42063,désigner,deziNe,VER,1,10.04,1.81,66.69,8.38,CVCVCV,CVCVCCVC,3,8,H_0,4.4649881553882285,0,86.91999999999999,H
45853,dominer,domine,VER,1,15.66,5.07,50.61,10.34,CVCVCV,CVCVCVC,3,7,H_0,4.402809173856411,0,81.68,H
32622,courageux,kuRaZ2,ADJ,1,28.68,20.22,11.96,8.38,CVCVCV,CVVCVCVVC,3,9,H_0,4.237578730308009,0,69.24,H
109774,raconter,Rak§te,VER,1,253.84,57.79,261.89,64.86,CVCVCV,CVCVCCVC,3,8,H_0,6.458933717324055,0,638.38,H
97087,paradis,paRadi,NOM,1,33.23,33.23,28.04,28.04,CVCVCV,CVCVCVC,3,7,H_0,4.8084375072975085,0,122.53999999999999,H
37220,découper,dekupe,VER,1,12.71,4.36,32.7,4.93,CVCVCV,CVCVVCVC,3,8,H_0,4.001863709427935,0,54.7,H
44161,dignité,diNite,NOM,1,14.61,14.59,32.77,32.43,CVCVCV,CVCCVCV,3,7,H_0,4.547541073151455,0,94.4,H
120553,rigoler,Rigole,VER,1,47.56,10.48,33.85,9.8,CVCVCV,CVCVCVC,3,7,H_0,4.621928969803046,0,101.69000000000001,H
110487,ramasser,Ramase,VER,1,43.76,13.15,74.8,17.91,CVCVCV,CVCVCCVC,3,8,H_0,5.008098746444259,0,149.61999999999998,H
40179,dénoncer,den§se,VER,1,29.57,9.83,19.05,6.08,CVCVCV,CVCVCCVC,3,8,H_0,4.167130231947748,0,64.53,H
141311,visiter,vizite,VER,1,34.92,21.23,52.16,23.18,CVCVCV,CVCVCVC,3,7,H_0,4.878930803098828,0,131.49,H
44500,diriger,diRiZe,VER,1,65.1,13.94,95.68,17.64,CVCVCV,CVCVCVC,3,7,H_0,5.259368616409462,0,192.36,H
96841,pantalon,p@tal§,NOM,1,37.55,31.49,71.76,57.91,CVCVCV,CVCCVCVC,3,8,H_0,5.291846475417725,0,198.71,H
42697,détacher,detaSe,VER,1,19.69,4.44,65.47,15.14,CVCVCV,CVCVCCVC,3,8,H_0,4.651481088851342,0,104.74,H
38527,dégoûter,degute,VER,1,18.39,0.66,17.57,2.91,CVCVCV,CVCVVCVC,3,8,H_0,3.677059877308594,0,39.53,H
140160,vérité,veRite,NOM,1,193.24,190.21,140.88,133.38,CVCVCV,CVCVCV,3,6,H_0,6.48876410469225,0,657.71,H
19359,cabinet,kabinE,NOM,1,21.97,19.45,36.49,29.8,CVCVCV,CVCVCVC,3,7,H_0,4.679442430362679,0,107.71,H
86203,matinée,matine,NOM,1,12.51,12.1,34.05,32.23,CVCVCV,CVCVCVV,3,7,H_0,4.509649984130679,0,90.88999999999999,H
12442,bagage,bagaZ,NOM,1,29.69,3.21,24.39,7.43,CVCVC,CVCVCV,2,6,H_1,4.170070272750237,1,64.72,H
63203,forcer,fORse,VER,1,64.64,16.33,75.41,18.04,CVCCV,CVCCVC,2,6,H_1,5.161466183798839,1,174.42,H
116915,rentrer,R@tRe,VER,1,532.51,166.36,279.93,77.23,CVCCV,CVCCCVC,2,7,H_1,6.962271872953585,1,1056.03,H
25581,citron,sitR§,NOM,1,10.92,8.1,10.81,9.05,CVCCV,CVCCVC,2,6,H_1,3.660479979592238,1,38.879999999999995,H
99738,perdu,pERdy,ADJ,1,36.46,17.5,58.45,27.43,CVCCV,CVCCV,2,5,H_1,4.940498911907225,1,139.84,H
99591,percer,pERse,VER,1,15.77,6.19,42.03,11.22,CVCCV,CVCCVC,2,6,H_1,4.320284200838312,1,75.21000000000001,H
97636,parler,paRle,VER,1,1970.55,728.02,1086.01,341.82,CVCCV,CVCCVC,2,6,H_1,8.32516063512708,1,4126.4,H
121823,routine,Rutin,NOM,1,12.14,11.67,12.77,9.53,CVCVC,CVVCVCV,2,7,H_1,3.8310298462186143,1,46.11,H
122772,salir,saliR,VER,1,17.51,6.81,15.95,6.08,CVCVC,CVCVC,2,5,H_1,3.836221292011864,1,46.349999999999994,H
87010,ménage,menaZ,NOM,1,29.46,27.55,32.91,29.26,CVCVC,CVCVCV,2,6,H_1,4.780634955318833,1,119.18,H
91899,navire,naviR,NOM,1,21.98,15.83,50.2,28.04,CVCVC,CVCVCV,2,6,H_1,4.754021132720446,1,116.05000000000001,H
125306,serpent,sERp@,NOM,1,32.2,20.91,21.08,13.24,CVCCV,CVCCVCC,2,7,H_1,4.470838473192799,1,87.42999999999999,H
65514,futur,fytyR,ADJ,1,23.2,9.41,36.35,13.92,CVCVC,CVCVC,2,5,H_1,4.417393778511173,1,82.88000000000001,H
133588,terreur,tER9R,NOM,1,15.18,13.87,27.09,23.78,CVCVC,CVCCVVC,2,7,H_1,4.381026134340298,1,79.92,H
101935,piqûre,pikyR,NOM,1,11.41,7.59,10.95,6.08,CVCVC,CVCVCV,2,6,H_1,3.5843519247600018,1,36.03,H
27405,commande,kom@d,NOM,1,31.36,19.41,18.72,12.64,CVCVC,CVCCVCCV,2,8,H_1,4.408303357752101,1,82.13,H
91800,nature,natyR,NOM,1,60.2,59.8,95.88,93.45,CVCVC,CVCVCV,2,6,H_1,5.734408668197962,1,309.33,H
45772,dollar,dolaR,NOM,1,134.1,13.89,16.96,3.85,CVCVC,CVCCVC,2,6,H_1,5.128714582161857,1,168.8,H
87169,mental,m@tal,ADJ,1,18.15,5.84,11.35,4.05,CVCVC,CVCCVC,2,6,H_1,3.673511976982814,1,39.38999999999999,H
134613,tomate,tomat,NOM,1,20.77,7.88,13.31,5.74,CVCVC,CVCVCV,2,6,H_1,3.8649313978942956,1,47.7,H
120414,richesse,RiSEs,NOM,1,13.21,8.44,22.16,14.66,CVCVC,CVCCVCCV,2,8,H_1,4.068513802187579,1,58.47,H
122678,salade,salad,NOM,1,21.8,15.88,24.26,15.41,CVCVC,CVCVCV,2,6,H_1,4.348340577019075,1,77.35,H
114864,régler,Regle,VER,1,85.81,42.27,54.19,22.36,CVCCV,CVCCVC,2,6,H_1,5.321203470334738,1,204.63,H
131684,tableau,tablo,NOM,1,50.11,37.8,90.0,57.84,CVCCV,CVCCVVV,2,7,H_1,5.462771921513567,1,235.75,H
122683,salaire,salER,NOM,1,26.43,22.99,12.5,8.92,CVCVC,CVCVVCV,2,7,H_1,4.260423812914633,1,70.84,H
126240,sirène,siREn,NOM,1,11.35,8.06,17.5,10.34,CVCVC,CVCVCV,2,6,H_1,3.855452653939752,1,47.25,H
89874,montrer,m§tRe,VER,1,327.33,136.2,276.55,81.15,CVCCV,CVCCCVC,2,7,H_1,6.710803216382034,1,821.2299999999999,H
82821,local,lokal,ADJ,1,18.11,6.05,22.84,6.76,CVCVC,CVCVC,2,5,H_1,3.984529696214894,1,53.76,H
30792,contrat,k§tRa,NOM,1,53.23,45.7,15.0,12.43,CVCCV,CVCCCVC,2,7,H_1,4.839134975933884,1,126.36000000000001,H
133277,tendance,t@d@s,NOM,1,12.98,10.95,20.88,14.26,CVCVC,CVCCVCCV,2,8,H_1,4.078723181319144,1,59.07,H
131096,surtout,syRtu,ADV,1,148.66,148.66,291.49,291.49,CVCCV,CVCCVVC,2,7,H_1,6.78026275846686,1,880.3,H
87135,mensonge,m@s§Z,NOM,1,61.05,33.64,35.41,21.89,CVCVC,CVCCVCCV,2,8,H_1,5.02381472920837,1,151.99,H
42478,dessert,desER,NOM,1,13.4,11.61,12.57,11.62,CVCVC,CVCCVCC,2,7,H_1,3.8958936234982624,1,49.199999999999996,H
25619,civil,sivil,ADJ,1,20.46,5.92,28.51,9.46,CVCVC,CVCVC,2,5,H_1,4.164336934042136,1,64.35,H
32617,courage,kuRaZ,NOM,1,70.73,70.7,70.34,69.8,CVCVC,CVVCVCV,2,7,H_1,5.640381084517819,1,281.57,H
81118,laquelle,lakEl,PRO:int,1,68.94,1.99,185.27,2.91,CVCVC,CVCVVCCV,2,8,H_1,5.557252681960304,1,259.11,H
114785,régime,ReZim,NOM,1,19.43,18.52,39.73,36.69,CVCVC,CVCVCV,2,6,H_1,4.7394388067931255,1,114.37,H
131291,suspect,syspE,ADJ,1,12.95,8.44,16.82,7.77,CVCCV,CVCCVCC,2,7,H_1,3.8282065193350356,1,45.980000000000004,H
26808,colère,kolER,NOM,1,68.9,67.91,100.07,92.77,CVCVC,CVCVCV,2,6,H_1,5.798031485559308,1,329.65,H
108539,punir,pyniR,VER,1,41.7,13.82,20.14,8.45,CVCVC,CVCVC,2,5,H_1,4.432125465974346,1,84.11,H
126057,simple,s5pl,NOM,1,10.67,8.49,11.15,7.43,CVCC,CVCCCV,1,6,H_2,3.630720539940404,2,37.74,H
45014,disque,disk,NOM,1,33.61,20.36,42.16,21.49,CVCC,CVCCVV,1,6,H_2,4.76745908903181,2,117.61999999999999,H
102259,plage,plaZ,NOM,1,48.19,44.99,86.89,72.03,CCVC,CCVCV,1,5,H_2,5.529825834193874,2,252.1,H
102208,place,plas,NOM,1,301.3,280.54,468.58,437.97,CCVC,CCVCV,1,5,H_2,7.305450277825872,2,1488.39,H
87736,mètre,mEtR,NOM,1,43.49,6.03,130.07,21.82,CVCC,CVCCV,1,5,H_2,5.30534263148479,2,201.41,H
83624,luxe,lyks,NOM,1,15.62,15.42,38.85,38.65,CVCC,CVCV,1,4,H_2,4.6871187686352584,2,108.53999999999999,H
102053,piste,pist,NOM,1,51.77,43.01,41.15,34.86,CVCC,CVCCV,1,5,H_2,5.1404347316311005,2,170.79000000000002,H
100749,peuple,p2pl,NOM,1,111.36,105.65,107.3,89.39,CVCC,CVVCCV,1,6,H_2,6.025141073467366,2,413.7,H
134456,titre,titR,NOM,1,41.35,32.4,71.22,53.04,CVCC,CVCCV,1,5,H_2,5.288317534469703,2,198.01,H
62553,fleuve,fl9v,NOM,1,21.58,19.81,46.89,39.32,CCVC,CCVVCV,1,6,H_2,4.848900370910689,2,127.6,H
81159,large,laRZ,ADJ,1,18.66,14.25,107.5,70.54,CVCC,CVCCV,1,5,H_2,5.351621138570348,2,210.95,H
24407,chiffre,SifR,NOM,1,27.28,9.38,33.11,12.7,CVCC,CCVCCCV,1,7,H_2,4.4124345908452645,2,82.47000000000001,H
82673,litre,litR,NOM,1,10.19,2.75,18.51,10.2,CVCC,CVCCV,1,5,H_2,3.7293013686128518,2,41.650000000000006,H
17493,bourse,buRs,NOM,1,19.66,17.48,13.18,11.22,CVCC,CVVCCV,1,6,H_2,4.119687369893896,2,61.54,H
126890,sombre,s§bR,ADJ,1,31.86,24.66,125.74,93.72,CVCC,CVCCCV,1,6,H_2,5.620328399323409,2,275.98,H
18422,brique,bRik,NOM,1,13.56,4.02,31.55,11.69,CCVC,CCVCVV,1,6,H_2,4.107918682249219,2,60.81999999999999,H
63506,foudre,fudR,NOM,1,12.94,12.5,14.46,12.64,CVCC,CVVCCV,1,6,H_2,3.961574784257394,2,52.54,H
91530,naître,nEtR,VER,1,116.11,12.74,119.32,19.86,CVCC,CVVCCV,1,6,H_2,5.591098914544516,2,268.03,H
68059,gorge,gORZ,NOM,1,30.87,29.57,86.82,82.64,CVCC,CVCCV,1,5,H_2,5.437644431769136,2,229.89999999999998,H
131698,table,tabl,NOM,1,118.37,111.44,379.8,341.08,CVCC,CVCCV,1,5,H_2,6.857188036744397,2,950.69,H
63182,force,fORs,NOM,1,151.96,108.29,344.73,218.38,CVCC,CVCCV,1,5,H_2,6.71339352909338,2,823.36,H
19639,cadre,kadR,NOM,1,13.53,10.98,42.84,29.8,CVCC,CVCCV,1,5,H_2,4.576256175823449,2,97.14999999999999,H
133462,terme,tERm,NOM,1,37.67,25.72,59.73,34.86,CVCC,CVCCV,1,5,H_2,5.062468442736273,2,157.98000000000002,H
61837,film,film,NOM,1,252.66,195.1,74.12,49.53,CVCC,CVCC,1,4,H_2,6.348106990518578,2,571.41,H
61069,ferme,fERm,ADJ,1,25.2,22.93,45.14,39.39,CVCC,CVCCV,1,5,H_2,4.88778946409741,2,132.66,H
128683,stade,stad,NOM,1,15.14,14.34,14.8,13.18,CCVC,CCVCV,1,5,H_2,4.051089053551143,2,57.46,H
20170,calme,kalm,NOM,1,105.2,105.08,53.24,52.03,CVCC,CVCCV,1,5,H_2,5.754317148030248,2,315.54999999999995,H
46584,drogue,dROg,NOM,1,58.76,47.2,13.72,10.54,CCVC,CCVCVV,1,6,H_2,4.869225327808716,2,130.22,H
102434,planche,pl@S,NOM,1,13.37,10.01,41.55,14.53,CCVC,CCVCCCV,1,7,H_2,4.375253750386452,2,79.46,H
139057,vaincre,v5kR,VER,1,27.84,13.71,25.68,13.31,CVCC,CVVCCCV,1,7,H_2,4.388753955423308,2,80.53999999999999,H
67159,geste,ZEst,NOM,1,40.78,31.41,271.08,172.03,CVCC,CVCCV,1,5,H_2,6.244749255334178,2,515.3,H
85683,marque,maRk,NOM,1,40.29,23.91,37.7,26.89,CVCC,CVCCVV,1,6,H_2,4.858183170904579,2,128.79000000000002,H
103110,plume,plym,NOM,1,15.29,6.49,60.0,33.38,CCVC,CCVCV,1,5,H_2,4.746322465743975,2,115.16,H
106532,prince,pR5s,NOM,1,98.9,44.83,101.22,65.61,CCVC,CCVCCV,1,6,H_2,5.7383771194207,2,310.56,H
46631,drôle,dRol,NOM,1,18.73,13.59,21.01,14.46,CCVC,CCVCV,1,5,H_2,4.216414691442874,2,67.78999999999999,H
102598,plaque,plak,NOM,1,20.48,13.87,46.15,26.01,CCVC,CCVCVV,1,6,H_2,4.6682388774550745,2,106.51,H
82739,livre,livR,NOM,1,198.11,112.43,286.49,151.76,CVCC,CVCCV,1,5,H_2,6.6184585703733525,2,748.79,H
15655,blague,blag,NOM,1,72.63,60.33,22.7,16.82,CCVC,CCVCVV,1,6,H_2,5.150281287720632,2,172.47999999999996,H
68374,grâce,gRas,PRE,1,85.61,85.61,78.85,78.85,CCVC,CCVCV,1,5,H_2,5.795814560102695,2,328.91999999999996,H
103149,plus,plys,NOM,1,21.02,21.02,20.34,20.34,CCVC,CCVC,1,4,H_2,4.415461410760119,2,82.72,H
88471,mimosa,mimoza,ADJ,1,0.46,0.46,0.47,0.47,CVCVCV,CVCVCV,3,6,L_0,0.62057648772511,0,1.86,L
128045,soussigné,susiNe,ADJ,1,1.83,1.44,0.61,0.61,CVCVCV,CVVCCVCCV,3,9,L_0,1.501852701754163,0,4.49,L
41125,déraison,deREz§,NOM,1,0.36,0.36,1.35,1.15,CVCVCV,CVCVVCVC,3,8,L_0,1.169381359556317,0,3.22,L
44002,diffamer,difame,VER,1,0.81,0.12,0.54,0.07,CVCVCV,CVCCVCVC,3,8,L_0,0.43178241642553794,0,1.5400000000000003,L
110419,rallonger,Ral§Ze,VER,1,1.45,0.56,1.35,0.27,CVCVCV,CVCCVCCVC,3,9,L_0,1.2892326482767593,0,3.63,L
132064,tamisé,tamize,ADJ,1,0.76,0.02,1.96,0.34,CVCVCV,CVCVCV,3,6,L_0,1.1249295969854831,0,3.08,L
138276,tutorat,tytORa,NOM,1,0.33,0.33,0.0,0.0,CVCVCV,CVCVCVC,3,7,L_0,-0.4155154439616658,0,0.66,L
83764,macérer,maseRe,VER,1,0.32,0.23,1.82,0.54,CVCVCV,CVCVCVC,3,7,L_0,1.0681530811834012,0,2.91,L
19476,cachalot,kaSalo,NOM,1,0.72,0.7,0.95,0.88,CVCVCV,CVCCVCVC,3,8,L_0,1.1786549963416462,0,3.25,L
59700,fabuler,fabyle,VER,1,0.42,0.02,0.34,0.2,CVCVCV,CVCVCVC,3,7,L_0,-0.020202707317519466,0,0.98,L
42943,déterré,deteRe,NOM,1,0.4,0.3,0.07,0.07,CVCVCV,CVCVCCV,3,7,L_0,-0.17435338714477766,0,0.8400000000000001,L
139965,ventiler,v@tile,VER,1,0.73,0.23,0.68,0.14,CVCVCV,CVCCVCVC,3,8,L_0,0.5766133643039939,0,1.7800000000000002,L
38790,déjanté,deZ@te,ADJ,1,0.58,0.43,0.2,0.2,CVCVCV,CVCVCCV,3,7,L_0,0.34358970439007686,0,1.41,L
60925,féminin,femin5,NOM,1,1.09,1.08,1.49,1.35,CVCVCV,CVCVCVC,3,7,L_0,1.6114359150967734,0,5.01,L
127827,souriceau,suRiso,NOM,1,0.35,0.35,0.41,0.34,CVCVCV,CVVCVCVVV,3,9,L_0,0.371563556432483,0,1.45,L
87139,mensonger,m@s§Ze,ADJ,1,1.29,0.29,1.96,0.47,CVCVCV,CVCCVCCVC,3,9,L_0,1.3887912413184778,0,4.01,L
27122,colorant,koloR@,NOM,1,0.42,0.33,0.47,0.2,CVCVCV,CVCVCVCC,3,8,L_0,0.35065687161316933,0,1.42,L
139865,vénéré,veneRe,ADJ,1,1.1,0.91,1.62,0.81,CVCVCV,CVCVCV,3,6,L_0,1.4906543764441336,0,4.44,L
80841,laminer,lamine,VER,1,0.7,0.44,1.55,0.34,CVCVCV,CVCVCVC,3,7,L_0,1.1085626195212777,0,3.03,L
36015,débutant,debyt@,ADJ,1,1.65,0.77,1.01,0.47,CVCVCV,CVCVCVCC,3,8,L_0,1.3609765531356006,0,3.8999999999999995,L
34867,cutané,kytane,ADJ,1,0.41,0.05,0.2,0.0,CVCVCV,CVCVCV,3,6,L_0,-0.41551544396166595,0,0.6599999999999999,L
112471,réchauffé,ReSofe,ADJ,1,1.04,0.73,1.15,0.68,CVCVCV,CVCCVVCCV,3,9,L_0,1.2809338454620642,0,3.6,L
109737,racoler,Rakole,VER,1,0.59,0.16,1.42,0.54,CVCVCV,CVCVCVC,3,7,L_0,0.9969486348916096,0,2.71,L
27157,coloris,koloRi,NOM,1,0.39,0.39,1.62,1.62,CVCVCV,CVCVCVC,3,7,L_0,1.3912819026309298,0,4.0200000000000005,L
110230,raisonné,REzone,ADJ,1,0.51,0.5,0.68,0.27,CVCVCV,CVVCVCCV,3,8,L_0,0.6729444732424258,0,1.96,L
29468,conjuré,k§ZyRe,NOM,1,0.56,0.0,0.47,0.07,CVCVCV,CVCCVCV,3,7,L_0,0.09531017980432493,0,1.1,L
83740,macaron,makaR§,NOM,1,0.34,0.12,1.35,0.61,CVCVCV,CVCVCVC,3,7,L_0,0.883767540168595,0,2.42,L
97563,parité,paRite,NOM,1,0.31,0.31,0.14,0.14,CVCVCV,CVCVCV,3,6,L_0,-0.10536051565782628,0,0.9,L
115034,réguler,Regyle,VER,1,0.61,0.28,0.14,0.14,CVCVCV,CVCVCVC,3,7,L_0,0.1570037488096647,0,1.17,L
103585,policer,pOlise,VER,1,1.27,0.04,0.61,0.0,CVCVCV,CVCVCVC,3,7,L_0,0.6523251860396901,0,1.92,L
40013,démuni,demyni,NOM,1,0.42,0.05,1.28,0.74,CVCVCV,CVCVCV,3,6,L_0,0.9122827104766164,0,2.49,L
60190,fanfaron,f@faR§,ADJ,1,0.39,0.23,1.22,0.68,CVCVCV,CVCCVCVC,3,8,L_0,0.9242589015233319,0,2.52,L
38697,déguisé,degize,NOM,1,0.69,0.23,0.61,0.47,CVCVCV,CVCVVCV,3,7,L_0,0.6931471805599452,0,1.9999999999999998,L
61698,figuré,figyRe,ADJ,1,0.57,0.56,1.08,0.95,CVCVCV,CVCVCV,3,6,L_0,1.1505720275988207,0,3.16,L
43033,détonner,detone,VER,1,0.32,0.1,1.55,0.2,CVCVCV,CVCVCCVC,3,8,L_0,0.7747271675523684,0,2.1700000000000004,L
96996,papoter,papote,VER,1,1.77,1.16,1.62,0.61,CVCVCV,CVCVCVC,3,7,L_0,1.6409365794934714,0,5.16,L
101289,picoter,pikote,VER,1,0.74,0.01,1.62,0.07,CVCVCV,CVCVCVC,3,7,L_0,0.8919980393051105,0,2.44,L
122480,safari,safaRi,NOM,1,1.77,1.58,1.28,0.88,CVCVCV,CVCVCV,3,6,L_0,1.706564623164823,0,5.51,L
87725,métisser,metise,VER,1,0.4,0.0,0.34,0.07,CVCVCV,CVCVCCVC,3,8,L_0,-0.21072103131565253,0,0.81,L
19762,cagoulé,kagule,ADJ,1,0.31,0.03,0.2,0.14,CVCVCV,CVCVVCV,3,7,L_0,-0.3856624808119846,0,0.68,L
133744,têtard,tEtaR,NOM,1,0.86,0.68,1.89,0.34,CVCVC,CVCVCC,2,6,L_1,1.3270750014599193,1,3.7699999999999996,L
127326,soudeur,sud9R,NOM,1,1.42,1.29,0.27,0.2,CVCVC,CVVCVVC,2,7,L_1,1.1568811967920856,1,3.18,L
141253,viseur,viz9R,NOM,1,1.93,1.48,1.22,1.08,CVCVC,CVCVVC,2,6,L_1,1.742219023667919,1,5.71,L
81180,largué,laRge,ADJ,1,0.87,0.42,0.95,0.41,CVCCV,CVCCVV,2,6,L_1,0.974559639998131,1,2.6500000000000004,L
111089,rasage,RazaZ,NOM,1,0.95,0.83,0.41,0.41,CVCVC,CVCVCV,2,6,L_1,0.9555114450274363,1,2.6,L
140876,vigil,viZil,ADJ,1,0.34,0.04,0.0,0.0,CVCVC,CVCVC,2,5,L_1,-0.9675840262617056,1,0.38,L
19019,buccal,bykal,ADJ,1,0.54,0.16,0.34,0.14,CVCVC,CVCCVC,2,6,L_1,0.16551443847757352,1,1.1800000000000002,L
80712,laitage,lEtaZ,NOM,1,0.41,0.22,0.88,0.54,CVCVC,CVVCVCV,2,7,L_1,0.7178397931503168,1,2.05,L
32046,corser,kORse,VER,1,1.81,0.29,1.69,0.74,CVCCV,CVCCVC,2,6,L_1,1.5107219394949427,1,4.53,L
63723,fourcher,fuRSe,VER,1,0.33,0.03,0.27,0.0,CVCCV,CVVCCCVC,2,8,L_1,-0.4620354595965587,1,0.63,L
79939,jupette,ZypEt,NOM,1,0.66,0.63,1.55,1.42,CVCVC,CVCVCCV,2,7,L_1,1.449269160281279,1,4.26,L
140529,vexant,vEks@,ADJ,1,0.4,0.39,1.01,0.74,CVCCV,CVCVCC,2,6,L_1,0.9321640810304452,1,2.54,L
134158,timbrer,t5bRe,VER,1,1.38,0.05,1.22,0.0,CVCCV,CVCCCVC,2,7,L_1,0.9745596399981308,1,2.65,L
81497,lécheur,leS9R,NOM,1,0.47,0.3,0.34,0.14,CVCVC,CVCCVVC,2,7,L_1,0.22314355131420976,1,1.25,L
23162,changeur,S@Z9R,NOM,1,0.47,0.42,0.61,0.41,CVCVC,CCVCCVVC,2,8,L_1,0.6471032420585384,1,1.91,L
140337,versé,vERse,ADJ,1,1.02,0.96,1.62,1.15,CVCCV,CVCCV,2,5,L_1,1.55814461804655,1,4.75,L
104484,posté,pOste,ADJ,1,0.34,0.1,1.01,0.34,CVCCV,CVCCV,2,5,L_1,0.5822156198526638,1,1.7900000000000003,L
46007,dorade,doRad,NOM,1,0.62,0.22,0.47,0.14,CVCVC,CVCVCV,2,6,L_1,0.3715635564324832,1,1.4500000000000002,L
139302,vantard,v@taR,ADJ,1,0.34,0.29,0.74,0.27,CVCVC,CVCCVCC,2,7,L_1,0.4946962418361071,1,1.6400000000000001,L
62829,focal,fokal,ADJ,1,0.68,0.25,0.07,0.07,CVCVC,CVCVC,2,5,L_1,0.06765864847381486,1,1.07,L
20649,canine,kanin,NOM,1,0.47,0.23,1.15,0.68,CVCVC,CVCVCV,2,6,L_1,0.9282193027394288,1,2.53,L
31603,coquard,kokaR,NOM,1,0.34,0.3,0.41,0.34,CVCVC,CVCVVCC,2,7,L_1,0.32930374714260047,1,1.3900000000000001,L
63732,fourchu,fuRSy,ADJ,1,0.75,0.17,1.42,0.27,CVCCV,CVVCCCV,2,7,L_1,0.959350221334602,1,2.61,L
102057,pister,piste,VER,1,1.9,0.76,1.28,0.47,CVCCV,CVCCVC,2,6,L_1,1.4838746894587547,1,4.41,L
66711,gélule,Zelyl,NOM,1,0.38,0.04,0.88,0.14,CVCVC,CVCVCV,2,6,L_1,0.36464311358790924,1,1.44,L
87717,métis,metis,ADJ,1,0.56,0.34,0.95,0.41,CVCVC,CVCVC,2,5,L_1,0.8153648132841946,1,2.2600000000000002,L
129799,sucré,sykRe,NOM,1,0.67,0.67,0.88,0.74,CVCCV,CVCCV,2,5,L_1,1.085189268335969,1,2.96,L
14144,bavette,bavEt,NOM,1,0.35,0.19,0.95,0.88,CVCVC,CVCVCCV,2,7,L_1,0.8628899551470398,1,2.37,L
127382,soufflé,sufle,NOM,1,1.33,0.86,1.22,1.22,CVCCV,CVVCCCV,2,7,L_1,1.5325568680981427,1,4.63,L
82664,litige,litiZ,NOM,1,0.78,0.57,1.42,0.74,CVCVC,CVCVCV,2,6,L_1,1.2556160374777743,1,3.51,L
82623,lister,liste,VER,1,1.6,1.07,0.0,0.0,CVCCV,CVCCVC,2,6,L_1,0.9820784724121582,1,2.67,L
45970,donneur,don9R,ADJ,1,0.91,0.53,0.68,0.27,CVCVC,CVCCVVC,2,7,L_1,0.8712933659434193,1,2.39,L
24405,chiffrer,SifRe,VER,1,0.64,0.19,1.01,0.27,CVCCV,CCVCCCVC,2,8,L_1,0.7466879474879753,1,2.1100000000000003,L
14513,bémol,bemOl,NOM,1,0.88,0.88,1.01,0.81,CVCVC,CVCVC,2,5,L_1,1.275362800412609,1,3.58,L
83147,lotus,lotys,NOM,1,0.58,0.58,1.08,1.08,CVCVC,CVCVC,2,5,L_1,1.1999647829283973,1,3.3200000000000003,L
101917,piqueur,pik9R,NOM,1,0.32,0.18,1.35,0.34,CVCVC,CVCVVVC,2,7,L_1,0.7839015438284094,1,2.19,L
25097,cibler,sible,VER,1,1.9,0.76,0.81,0.14,CVCCV,CVCCVC,2,6,L_1,1.2837077723447896,1,3.6100000000000003,L
63248,forfait,fORfE,VER,1,0.94,0.94,0.68,0.68,CVCCV,CVCCVVC,2,7,L_1,1.1755733298042381,1,3.24,L
22498,centaure,s@toR,NOM,1,0.59,0.42,0.74,0.41,CVCVC,CVCCVVCV,2,8,L_1,0.7701082216960737,1,2.16,L
135084,tortu,tORty,ADJ,1,0.69,0.0,0.68,0.07,CVCCV,CVCCV,2,5,L_1,0.36464311358790935,1,1.4400000000000002,L
128566,spore,spOR,NOM,1,0.91,0.01,0.14,0.0,CCVC,CCVCV,1,5,L_2,0.058268908123975824,2,1.06,L
64707,fripe,fRip,NOM,1,0.58,0.22,0.95,0.61,CCVC,CCVCV,1,5,L_2,0.8586616190375187,2,2.36,L
136524,traque,tRak,NOM,1,0.73,0.73,0.68,0.61,CCVC,CCVCVV,1,6,L_2,1.0116009116784799,2,2.75,L
69992,guilde,gild,NOM,1,0.57,0.56,0.0,0.0,CVCC,CVVCCV,1,6,L_2,0.12221763272424911,2,1.13,L
41283,derme,dERm,NOM,1,0.52,0.52,0.41,0.41,CVCC,CVCCV,1,5,L_2,0.6205764877251098,2,1.8599999999999999,L
133934,thermes,tERm,NOM,1,0.55,0.55,0.41,0.41,CVCC,CCVCCVC,1,7,L_2,0.6523251860396901,2,1.92,L
92424,neutre,n2tR,NOM,1,0.68,0.41,0.74,0.47,CVCC,CVVCCV,1,6,L_2,0.8329091229351039,2,2.3,L
90459,moufle,mufl,NOM,1,0.73,0.28,1.76,0.34,CVCC,CVVCCV,1,6,L_2,1.1346227261911428,2,3.11,L
18993,brut,bRyt,NOM,1,0.55,0.54,0.61,0.54,CCVC,CCVC,1,4,L_2,0.8064758658669485,2,2.24,L
20964,câpre,kapR,NOM,1,0.31,0.11,0.47,0.0,CVCC,CVCCV,1,5,L_2,-0.11653381625595163,2,0.8899999999999999,L
122390,sacre,sakR,NOM,1,0.75,0.73,0.74,0.61,CVCC,CVCCV,1,5,L_2,1.0402767116551461,2,2.8299999999999996,L
18421,brique,bRik,ADJ,1,0.37,0.37,1.96,1.96,CCVC,CCVCVV,1,6,L_2,1.5390154481375546,2,4.66,L
83695,lynx,l5ks,NOM,1,1.73,1.73,1.22,1.22,CVCC,CVCC,1,4,L_2,1.7749523509116736,2,5.8999999999999995,L
15815,blatte,blat,NOM,1,0.86,0.41,0.68,0.14,CCVC,CCVCCV,1,6,L_2,0.7371640659767198,2,2.0900000000000003,L
108086,prude,pRyd,ADJ,1,0.52,0.5,0.81,0.61,CCVC,CCVCV,1,5,L_2,0.8919980393051105,2,2.44,L
61070,ferme,fERm,ADV,1,1.98,1.98,0.0,0.0,CVCC,CVCCV,1,5,L_2,1.3762440252663892,2,3.96,L
64934,fronce,fR§s,NOM,1,0.36,0.34,0.54,0.07,CCVC,CCVCCV,1,6,L_2,0.2700271372130602,2,1.31,L
93196,nôtre,notR,ADJ:pos,1,0.78,0.78,0.88,0.88,CVCC,CVCCV,1,5,L_2,1.199964782928397,2,3.32,L
129181,strie,stRi,NOM,1,0.73,0.05,1.82,0.07,CCCV,CCCVV,1,5,L_2,0.9820784724121582,2,2.67,L
68373,grâce,gRas,ONO,1,0.7,0.7,0.27,0.27,CCVC,CCVCV,1,5,L_2,0.6626879730752367,2,1.94,L
69313,grimpe,gR5p,NOM,1,1.65,1.65,0.0,0.0,CCVC,CCVCCV,1,6,L_2,1.1939224684724346,2,3.3,L
18640,bronze,bR§z,ADJ,1,0.54,0.54,0.88,0.88,CCVC,CCVCCV,1,6,L_2,1.0438040521731147,2,2.84,L
102673,plate,plat,NOM,1,0.54,0.52,0.54,0.41,CCVC,CCVCV,1,5,L_2,0.6981347220709845,2,2.0100000000000002,L
102127,pitre,pitR,NOM,1,1.7,1.55,1.96,1.69,CVCC,CVCCV,1,5,L_2,1.9315214116032138,2,6.9,L
46646,drone,dRon,NOM,1,1.79,0.88,0.0,0.0,CCVC,CCVCV,1,5,L_2,0.9820784724121582,2,2.67,L
62686,flore,flOR,NOM,1,0.72,0.7,1.55,1.35,CCVC,CCVCV,1,5,L_2,1.463255402256019,2,4.32,L
68196,gourde,guRd,ADJ,1,0.79,0.78,1.22,0.88,CVCC,CVVCCV,1,6,L_2,1.3001916620664788,2,3.67,L
16610,borgne,bORN,NOM,1,1.12,0.99,1.96,1.89,CVCC,CVCCCV,1,6,L_2,1.7850704810772584,2,5.96,L
108600,purge,pyRZ,NOM,1,1.34,0.5,1.89,1.35,CVCC,CVCCV,1,5,L_2,1.6253112615903906,2,5.08,L
34288,cruche,kRyS,ADJ,1,0.32,0.28,0.0,0.0,CCVC,CCVCCV,1,6,L_2,-0.5108256237659905,2,0.6000000000000001,L
125851,sigle,sigl,NOM,1,0.7,0.56,1.62,1.01,CVCC,CVCCV,1,5,L_2,1.3584091576303547,2,3.8899999999999997,L
140339,verse,vERs,NOM,1,1.44,1.42,1.42,1.42,CVCC,CVCCV,1,5,L_2,1.7404661748405044,2,5.699999999999999,L
22431,celte,sElt,ADJ,1,0.44,0.32,1.22,0.68,CVCC,CVCCV,1,5,L_2,0.9783261227936078,2,2.66,L
141947,votre,vOtR,PRO:pos,1,0.32,0.32,0.0,0.0,CVCC,CVCCV,1,5,L_2,-0.4462871026284195,2,0.64,L
131806,tacle,takl,NOM,1,0.38,0.38,0.07,0.07,CVCC,CVCCV,1,5,L_2,-0.10536051565782616,2,0.9000000000000001,L
24598,chlore,klOR,NOM,1,0.79,0.79,0.81,0.81,CCVC,CCCVCV,1,6,L_2,1.1631508098056809,2,3.2,L
100466,peste,pEst,ONO,1,0.4,0.4,0.2,0.2,CVCC,CVCCV,1,5,L_2,0.1823215567939546,2,1.2,L
19109,bulbe,bylb,NOM,1,0.47,0.31,1.82,1.01,CVCC,CVCCV,1,5,L_2,1.2837077723447896,2,3.6100000000000003,L
64950,fronde,fR§d,NOM,1,1.02,0.86,1.82,1.69,CCVC,CCVCCV,1,6,L_2,1.684545384920906,2,5.390000000000001,L
135439,tourte,tuRt,NOM,1,1.15,1.03,0.74,0.54,CVCC,CVVCCV,1,6,L_2,1.2412685890696329,2,3.46,L
